{"name":"Goals","description":"You\u0027ve finished the basic tutorials. The world is your oyster.","quests":[{"uuid":"cb3d69c1-f8bb-419d-84fb-9960a3ed681a","name":"Goals: An Overview","description":"This is the end of the linear quest tree. From this point, the pack becomes a lot more free-form and allows more advanced choice. This page will provide an end goal from many mods for you to accomplish.","x":154,"y":101,"bigicon":true,"icon":{"id":"minecraft:book"},"prerequisites":["765e271d-5089-4fe3-af13-661699fce784"],"commandrewards":[]},{"uuid":"835a3848-6574-4ec6-aa09-ad29dbe93acc","name":"TF: Overcompletion","description":"Completing this quest will indicate you finished Extra Utilities\u0027 content and overachieved to get too much stuff.","x":202,"y":173,"bigicon":true,"icon":{"id":"thermalfoundation:storage","damage":6},"prerequisites":["cdef400c-6ba3-4128-baba-c85292e70810"],"tasks":[{"type":"DETECT","description":"Thermal Foundation","longDescription":"Collect these items.","items":[{"item":{"id":"thermalfoundation:material","damage":1024},"required":128},{"item":{"id":"thermalfoundation:material","damage":1025},"required":128},{"item":{"id":"thermalfoundation:coin","damage":103},"required":128},{"item":{"id":"thermalfoundation:coin","damage":102},"required":100},{"item":{"id":"thermalfoundation:coin","damage":101},"required":100},{"item":{"id":"thermalfoundation:material","damage":1026},"required":64},{"item":{"id":"thermalfoundation:material","damage":1027},"required":64},{"item":{"id":"thermalfoundation:coin","damage":72},"required":48}]}],"commandrewards":[]},{"uuid":"e452dda2-8bb6-446f-b9fc-ffa98f2285bb","name":"DE: Completion","description":"Completing this quest will indicate you finished Draconic Evolution\u0027s content.","x":123,"y":57,"icon":{"id":"draconicevolution:chaotic_core"},"prerequisites":["cb3d69c1-f8bb-419d-84fb-9960a3ed681a"],"tasks":[{"type":"DETECT","description":"Draconic Evolution","longDescription":"Collect these items.","items":[{"item":{"id":"draconicevolution:chaotic_core"}}]}],"commandrewards":[]},{"uuid":"1ed0d1a3-ca0d-4739-841d-6453ddf5647a","name":"ExUtil: Completion","description":"Completing this quest will indicate you finished Extra Utilities\u0027 content.","x":125,"y":153,"icon":{"id":"extrautils2:lawsword"},"prerequisites":["cb3d69c1-f8bb-419d-84fb-9960a3ed681a"],"tasks":[{"type":"DETECT","description":"Extra Utilities","longDescription":"Collect these items.","items":[{"item":{"id":"extrautils2:lawsword"}}]}],"commandrewards":[]},{"uuid":"fe26b0ab-7a5a-4ad4-9034-b803f431a162","name":"ExUtil: Overcompletion","description":"Completing this quest will indicate you finished Extra Utilities\u0027 content and overachieved to get too much stuff.","x":106,"y":174,"bigicon":true,"icon":{"id":"extrautils2:rainbowgenerator"},"prerequisites":["1ed0d1a3-ca0d-4739-841d-6453ddf5647a"],"tasks":[{"type":"DETECT","description":"Extra Utilities","longDescription":"Collect these items.","items":[{"item":{"id":"extrautils2:rainbowgenerator"},"required":2},{"item":{"id":"extrautils2:compressedcobblestone","damage":7},"required":2}]}],"commandrewards":[]},{"uuid":"4dd75095-2720-410c-9f27-008f9205ef2b","name":"Botania: Completion","description":"Completing this quest will indicate you finished Botania\u0027s content.","x":193,"y":57,"icon":{"id":"botania:manaresource","damage":14},"prerequisites":["cb3d69c1-f8bb-419d-84fb-9960a3ed681a"],"tasks":[{"type":"DETECT","description":"Botania","longDescription":"Collect these items.","items":[{"item":{"id":"botania:manaresource","damage":14}}]}],"commandrewards":[]},{"uuid":"2a9fe796-6b5d-429f-9829-3c715bdaa11c","name":"Botania: Overcompletion","description":"Completing this quest will indicate you finished Botania\u0027s content and overachieved to get too much stuff.","x":206,"y":26,"bigicon":true,"icon":{"id":"botania:storage","damage":2},"prerequisites":["4dd75095-2720-410c-9f27-008f9205ef2b"],"tasks":[{"type":"DETECT","description":"Botania","longDescription":"Collect these items.","items":[{"item":{"id":"botania:manaresource","damage":14},"required":16},{"item":{"id":"botania:storage","damage":2},"required":100}]}],"commandrewards":[]},{"uuid":"762baa1c-0686-4669-9944-217495864b67","name":"DE: Overcompletion","description":"Completing this quest will indicate you finished Draconic Evolution\u0027s content and overachieved to get too much stuff.","x":104,"y":28,"bigicon":true,"icon":{"id":"draconicevolution:draconic_block"},"prerequisites":["e452dda2-8bb6-446f-b9fc-ffa98f2285bb"],"tasks":[{"type":"DETECT","description":"Draconic Evolution","longDescription":"Collect these items.","items":[{"item":{"id":"draconicevolution:draconic_block"},"required":128}]}],"commandrewards":[]},{"uuid":"cdef400c-6ba3-4128-baba-c85292e70810","name":"TF: Completion","description":"Completing this quest will indicate you finished Thermal Foundation\u0027s content.","x":191,"y":152,"icon":{"id":"thermalfoundation:material","damage":1024},"prerequisites":["cb3d69c1-f8bb-419d-84fb-9960a3ed681a"],"tasks":[{"type":"DETECT","description":"Thermal Foundation","longDescription":"Collect these items.","items":[{"item":{"id":"thermalfoundation:coin","damage":103}},{"item":{"id":"thermalfoundation:material","damage":1024}},{"item":{"id":"thermalfoundation:material","damage":1025}}]}],"commandrewards":[]}],"reputationBar":[]}