{
  "questProgress:9": {
    "0:10": {
      "questID:3": 11,
      "completed:9": {},
      "tasks:9": {
        "0:10": {
          "completeUsers:9": {},
          "index:3": 0,
          "taskID:8": "bq_standard:location"
        }
      }
    },
    "1:10": {
      "questID:3": 12,
      "completed:9": {},
      "tasks:9": {
        "0:10": {
          "completeUsers:9": {},
          "userProgress:9": {},
          "index:3": 0,
          "taskID:8": "bq_standard:retrieval"
        }
      }
    },
    "2:10": {
      "questID:3": 13,
      "completed:9": {},
      "tasks:9": {
        "0:10": {
          "completeUsers:9": {},
          "index:3": 0,
          "taskID:8": "bq_standard:location"
        }
      }
    },
    "3:10": {
      "questID:3": 14,
      "completed:9": {},
      "tasks:9": {
        "0:10": {
          "completeUsers:9": {},
          "index:3": 0,
          "taskID:8": "bq_standard:location"
        }
      }
    },
    "4:10": {
      "questID:3": 15,
      "completed:9": {},
      "tasks:9": {
        "0:10": {
          "completeUsers:9": {},
          "index:3": 0,
          "taskID:8": "bq_standard:location"
        }
      }
    },
    "5:10": {
      "questID:3": 16,
      "completed:9": {},
      "tasks:9": {
        "0:10": {
          "completeUsers:9": {},
          "index:3": 0,
          "taskID:8": "bq_standard:location"
        }
      }
    },
    "6:10": {
      "questID:3": 17,
      "completed:9": {},
      "tasks:9": {
        "0:10": {
          "completeUsers:9": {},
          "userProgress:9": {},
          "index:3": 0,
          "taskID:8": "bq_standard:retrieval"
        },
        "1:10": {
          "completeUsers:9": {},
          "userProgress:9": {},
          "index:3": 1,
          "taskID:8": "bq_standard:retrieval"
        },
        "2:10": {
          "completeUsers:9": {},
          "userProgress:9": {},
          "index:3": 2,
          "taskID:8": "bq_standard:retrieval"
        }
      }
    },
    "7:10": {
      "questID:3": 18,
      "completed:9": {},
      "tasks:9": {
        "0:10": {
          "completeUsers:9": {},
          "userProgress:9": {},
          "index:3": 0,
          "taskID:8": "bq_standard:crafting"
        }
      }
    },
    "8:10": {
      "questID:3": 19,
      "completed:9": {},
      "tasks:9": {
        "0:10": {
          "completeUsers:9": {},
          "userProgress:9": {},
          "index:3": 0,
          "taskID:8": "bq_standard:retrieval"
        }
      }
    },
    "9:10": {
      "questID:3": 20,
      "completed:9": {},
      "tasks:9": {
        "0:10": {
          "completeUsers:9": {},
          "userProgress:9": {},
          "index:3": 0,
          "taskID:8": "bq_standard:crafting"
        }
      }
    },
    "10:10": {
      "questID:3": 21,
      "completed:9": {},
      "tasks:9": {
        "0:10": {
          "completeUsers:9": {},
          "userProgress:9": {},
          "index:3": 0,
          "taskID:8": "bq_standard:crafting"
        }
      }
    },
    "11:10": {
      "questID:3": 22,
      "completed:9": {},
      "tasks:9": {
        "0:10": {
          "completeUsers:9": {},
          "userProgress:9": {},
          "index:3": 0,
          "taskID:8": "bq_standard:crafting"
        }
      }
    },
    "12:10": {
      "questID:3": 23,
      "completed:9": {},
      "tasks:9": {
        "0:10": {
          "completeUsers:9": {},
          "userProgress:9": {},
          "index:3": 0,
          "taskID:8": "bq_standard:crafting"
        }
      }
    },
    "13:10": {
      "questID:3": 24,
      "completed:9": {},
      "tasks:9": {
        "0:10": {
          "completeUsers:9": {},
          "userProgress:9": {},
          "index:3": 0,
          "taskID:8": "bq_standard:crafting"
        }
      }
    },
    "14:10": {
      "questID:3": 25,
      "completed:9": {},
      "tasks:9": {
        "0:10": {
          "completeUsers:9": {},
          "userProgress:9": {},
          "index:3": 0,
          "taskID:8": "bq_standard:hunt"
        }
      }
    },
    "15:10": {
      "questID:3": 26,
      "completed:9": {},
      "tasks:9": {
        "0:10": {
          "completeUsers:9": {},
          "userProgress:9": {},
          "index:3": 0,
          "taskID:8": "bq_standard:crafting"
        }
      }
    },
    "16:10": {
      "questID:3": 27,
      "completed:9": {},
      "tasks:9": {
        "0:10": {
          "completeUsers:9": {},
          "userProgress:9": {},
          "index:3": 0,
          "taskID:8": "bq_standard:crafting"
        }
      }
    },
    "17:10": {
      "questID:3": 28,
      "completed:9": {},
      "tasks:9": {
        "0:10": {
          "completeUsers:9": {},
          "userProgress:9": {},
          "index:3": 0,
          "taskID:8": "bq_standard:retrieval"
        },
        "1:10": {
          "completeUsers:9": {},
          "userProgress:9": {},
          "index:3": 1,
          "taskID:8": "bq_standard:crafting"
        }
      }
    },
    "18:10": {
      "questID:3": 29,
      "completed:9": {},
      "tasks:9": {
        "0:10": {
          "completeUsers:9": {},
          "userProgress:9": {},
          "index:3": 0,
          "taskID:8": "bq_standard:crafting"
        },
        "1:10": {
          "completeUsers:9": {},
          "userProgress:9": {},
          "index:3": 1,
          "taskID:8": "bq_standard:crafting"
        }
      }
    },
    "19:10": {
      "questID:3": 32,
      "completed:9": {},
      "tasks:9": {
        "0:10": {
          "completeUsers:9": {},
          "userProgress:9": {},
          "index:3": 0,
          "taskID:8": "bq_standard:retrieval"
        }
      }
    },
    "20:10": {
      "questID:3": 33,
      "completed:9": {},
      "tasks:9": {
        "0:10": {
          "completeUsers:9": {},
          "userProgress:9": {},
          "index:3": 0,
          "taskID:8": "bq_standard:crafting"
        },
        "1:10": {
          "completeUsers:9": {},
          "userProgress:9": {},
          "index:3": 1,
          "taskID:8": "bq_standard:retrieval"
        }
      }
    },
    "21:10": {
      "questID:3": 34,
      "completed:9": {},
      "tasks:9": {
        "0:10": {
          "completeUsers:9": {},
          "userProgress:9": {},
          "index:3": 0,
          "taskID:8": "bq_standard:retrieval"
        }
      }
    },
    "22:10": {
      "questID:3": 35,
      "completed:9": {},
      "tasks:9": {
        "0:10": {
          "completeUsers:9": {},
          "userProgress:9": {},
          "index:3": 0,
          "taskID:8": "bq_standard:retrieval"
        }
      }
    },
    "23:10": {
      "questID:3": 36,
      "completed:9": {},
      "tasks:9": {
        "0:10": {
          "completeUsers:9": {},
          "userProgress:9": {},
          "index:3": 0,
          "taskID:8": "bq_standard:retrieval"
        }
      }
    },
    "24:10": {
      "questID:3": 37,
      "completed:9": {},
      "tasks:9": {
        "0:10": {
          "completeUsers:9": {},
          "userProgress:9": {},
          "index:3": 0,
          "taskID:8": "bq_standard:crafting"
        },
        "1:10": {
          "completeUsers:9": {},
          "userProgress:9": {},
          "index:3": 1,
          "taskID:8": "bq_standard:crafting"
        }
      }
    },
    "25:10": {
      "questID:3": 38,
      "completed:9": {},
      "tasks:9": {
        "0:10": {
          "completeUsers:9": {},
          "userProgress:9": {},
          "index:3": 0,
          "taskID:8": "bq_standard:retrieval"
        },
        "1:10": {
          "completeUsers:9": {},
          "userProgress:9": {},
          "index:3": 1,
          "taskID:8": "bq_standard:crafting"
        },
        "2:10": {
          "completeUsers:9": {},
          "userProgress:9": {},
          "index:3": 2,
          "taskID:8": "bq_standard:retrieval"
        }
      }
    },
    "26:10": {
      "questID:3": 39,
      "completed:9": {},
      "tasks:9": {
        "0:10": {
          "completeUsers:9": {},
          "userProgress:9": {},
          "index:3": 0,
          "taskID:8": "bq_standard:crafting"
        }
      }
    },
    "27:10": {
      "questID:3": 40,
      "completed:9": {},
      "tasks:9": {
        "0:10": {
          "completeUsers:9": {},
          "userProgress:9": {},
          "index:3": 0,
          "taskID:8": "bq_standard:retrieval"
        }
      }
    },
    "28:10": {
      "questID:3": 41,
      "completed:9": {},
      "tasks:9": {
        "0:10": {
          "completeUsers:9": {},
          "userProgress:9": {},
          "index:3": 0,
          "taskID:8": "bq_standard:retrieval"
        },
        "1:10": {
          "completeUsers:9": {},
          "userProgress:9": {},
          "index:3": 1,
          "taskID:8": "bq_standard:retrieval"
        }
      }
    },
    "29:10": {
      "questID:3": 42,
      "completed:9": {},
      "tasks:9": {
        "0:10": {
          "completeUsers:9": {},
          "userProgress:9": {},
          "index:3": 0,
          "taskID:8": "bq_standard:retrieval"
        },
        "1:10": {
          "completeUsers:9": {},
          "userProgress:9": {},
          "index:3": 1,
          "taskID:8": "bq_standard:retrieval"
        }
      }
    },
    "30:10": {
      "questID:3": 43,
      "completed:9": {},
      "tasks:9": {
        "0:10": {
          "completeUsers:9": {},
          "userProgress:9": {},
          "index:3": 0,
          "taskID:8": "bq_standard:retrieval"
        }
      }
    },
    "31:10": {
      "questID:3": 45,
      "completed:9": {},
      "tasks:9": {
        "0:10": {
          "completeUsers:9": {},
          "userProgress:9": {},
          "index:3": 0,
          "taskID:8": "bq_standard:retrieval"
        }
      }
    },
    "32:10": {
      "questID:3": 46,
      "completed:9": {},
      "tasks:9": {
        "0:10": {
          "completeUsers:9": {},
          "userProgress:9": {},
          "index:3": 0,
          "taskID:8": "bq_standard:crafting"
        },
        "1:10": {
          "completeUsers:9": {},
          "userProgress:9": {},
          "index:3": 1,
          "taskID:8": "bq_standard:retrieval"
        },
        "2:10": {
          "completeUsers:9": {},
          "userProgress:9": {},
          "index:3": 2,
          "taskID:8": "bq_standard:crafting"
        }
      }
    },
    "33:10": {
      "questID:3": 47,
      "completed:9": {},
      "tasks:9": {
        "0:10": {
          "completeUsers:9": {},
          "userProgress:9": {},
          "index:3": 0,
          "taskID:8": "bq_standard:retrieval"
        }
      }
    },
    "34:10": {
      "questID:3": 49,
      "completed:9": {},
      "tasks:9": {
        "0:10": {
          "completeUsers:9": {},
          "userProgress:9": {},
          "index:3": 0,
          "taskID:8": "bq_standard:retrieval"
        },
        "1:10": {
          "completeUsers:9": {},
          "userProgress:9": {},
          "index:3": 1,
          "taskID:8": "bq_standard:retrieval"
        }
      }
    },
    "35:10": {
      "questID:3": 50,
      "completed:9": {},
      "tasks:9": {
        "0:10": {
          "completeUsers:9": {},
          "userProgress:9": {},
          "index:3": 0,
          "taskID:8": "bq_standard:retrieval"
        },
        "1:10": {
          "completeUsers:9": {},
          "userProgress:9": {},
          "index:3": 1,
          "taskID:8": "bq_standard:retrieval"
        },
        "2:10": {
          "completeUsers:9": {},
          "userProgress:9": {},
          "index:3": 2,
          "taskID:8": "bq_standard:retrieval"
        },
        "3:10": {
          "completeUsers:9": {},
          "userProgress:9": {},
          "index:3": 3,
          "taskID:8": "bq_standard:retrieval"
        }
      }
    },
    "36:10": {
      "questID:3": 52,
      "completed:9": {},
      "tasks:9": {
        "0:10": {
          "completeUsers:9": {},
          "userProgress:9": {},
          "index:3": 0,
          "taskID:8": "bq_standard:retrieval"
        }
      }
    },
    "37:10": {
      "questID:3": 53,
      "completed:9": {},
      "tasks:9": {
        "0:10": {
          "completeUsers:9": {},
          "userProgress:9": {},
          "index:3": 0,
          "taskID:8": "bq_standard:retrieval"
        }
      }
    },
    "38:10": {
      "questID:3": 54,
      "completed:9": {},
      "tasks:9": {
        "0:10": {
          "completeUsers:9": {},
          "userProgress:9": {},
          "index:3": 0,
          "taskID:8": "bq_standard:retrieval"
        }
      }
    },
    "39:10": {
      "questID:3": 55,
      "completed:9": {},
      "tasks:9": {
        "0:10": {
          "completeUsers:9": {},
          "userProgress:9": {},
          "index:3": 0,
          "taskID:8": "bq_standard:retrieval"
        }
      }
    },
    "40:10": {
      "questID:3": 56,
      "completed:9": {},
      "tasks:9": {
        "0:10": {
          "completeUsers:9": {},
          "userProgress:9": {},
          "index:3": 0,
          "taskID:8": "bq_standard:retrieval"
        }
      }
    },
    "41:10": {
      "questID:3": 57,
      "completed:9": {},
      "tasks:9": {
        "0:10": {
          "completeUsers:9": {},
          "userProgress:9": {},
          "index:3": 0,
          "taskID:8": "bq_standard:retrieval"
        }
      }
    },
    "42:10": {
      "questID:3": 58,
      "completed:9": {},
      "tasks:9": {
        "0:10": {
          "completeUsers:9": {},
          "userProgress:9": {},
          "index:3": 0,
          "taskID:8": "bq_standard:retrieval"
        }
      }
    },
    "43:10": {
      "questID:3": 59,
      "completed:9": {},
      "tasks:9": {
        "0:10": {
          "completeUsers:9": {},
          "userProgress:9": {},
          "index:3": 0,
          "taskID:8": "bq_standard:retrieval"
        }
      }
    }
  }
}