{
    "images":{
        "modpack":{
            "image":"mainmenu:logo.png",
            "posX":-75,
            "posY":-95,
            "width":150,
            "height":75,
            "alignment":"center"
        }
    },
    "buttons":{
        "singleplayer":{
            "text":"menu.singleplayer",
            "texture":"mainmenu:longbutton.png",
            "posX":-100,
            "posY":-18,
			"normalTextColor":6579429,
			"hoverTextColor":4605669,
            "width":200,
			"shadow": false,
            "height":20,
            "imageWidth":200,
            "imageHeight":20,
            "alignment":"center",
            "action":{
                "type":"openGui",
                "gui":"singleplayer"
            }
        },
        "multiplayer":{
            "text":"menu.multiplayer",
            "texture":"mainmenu:longbutton.png",
            "posX":-100,
            "posY":2,
			"normalTextColor":6579429,
			"hoverTextColor":4605669,
            "width":200,
			"shadow": false,
            "height":20,
            "imageWidth":200,
            "imageHeight":20,
            "alignment":"center",
            "action":{
                "type":"openGui",
                "gui":"multiplayer"
            }
        },
        "mods":{
            "text":"fml.menu.mods",
            "texture":"mainmenu:longbutton.png",
            "posX":-100,
            "posY":22,
			"normalTextColor":6579429,
			"hoverTextColor":4605669,
            "width":200,
			"shadow": false,
            "height":20,
            "imageWidth":200,
            "imageHeight":20,
            "alignment":"center",
            "action":{
                "type":"openGui",
                "gui":"mods"
            }
        },
        "options":{
            "text":"menu.options",
            "texture":"mainmenu:longbutton.png",
            "posX":-100,
            "posY":42,
			"normalTextColor":6579429,
			"hoverTextColor":4605669,
            "width":200,
			"shadow": false,
            "height":20,
            "imageWidth":200,
            "imageHeight":20,
            "alignment":"center",
            "action":{
                "type":"openGui",
                "gui":"options"
            }
        },
		"cf":{
            "text":"CurseForge Page",
            "texture":"mainmenu:shortbutton.png",
            "posX":-100,
            "posY":62,
			"normalTextColor":6579429,
			"hoverTextColor":4605669,
            "width":100,
			"shadow": false,
            "height":20,
            "imageWidth":98,
            "imageHeight":20,
            "alignment":"center",
            "action":{
                "type":"openLink",
                "link":"https://forum.feed-the-beast.com/forum/"
            }
        },
        "quit":{
            "text":"menu.quit",
            "texture":"mainmenu:shortbutton.png",
            "posX":0,
            "posY":62,
			"normalTextColor":6579429,
			"hoverTextColor":4605669,
            "width":100,
			"shadow": false,
            "height":20,
            "imageWidth":98,
            "imageHeight":20,
            "alignment":"center",
            "action":{
                "type":"quit"
            }
        },
        "language":{
            "text":"",
            "tooltip":"options.language",
            "texture":"mainmenu:lang.png",
            "posX":-120,
            "posY":62,
            "width":20,
            "height":20,
            "imageWidth":40,
            "imageHeight":40,
            "alignment":"center",
            "action":{
                "type":"openGui",
                "gui":"languages"
            }
        }
    },
    "labels":{
        "mojang":{
            "text":"Copyright Mojang AB. Do not distribute!",
            "posX":-3,
            "posY":-10,
			"anchor":"end",
            "fontSize":0.8,
            "alignment":"bottom_right"
        },
        "mc":{
            "text":"Minecraft #mcversion#",
            "posX":3,
            "posY":-39,
            "fontSize":0.8,
            "alignment":"bottom_left"
        },
		"forge":{
            "text":"Minecraft Forge #forgeversion#",
            "posX":3,
            "posY":-32,
            "fontSize":0.8,
            "alignment":"bottom_left"
        },
		"loaded":{
            "text":"#modsloaded# mods loaded",
            "posX":3,
            "posY":-25,
            "fontSize":0.8,
            "alignment":"bottom_left"
        },
		"tbobsb2":{
            "text":"The Best of Both Skyblocks 2",
            "posX":3,
            "posY":-10,
            "fontSize":0.8,
            "alignment":"bottom_left"
        }
    },
    "other":{
        "background":{
            "image":"mainmenu:background.png",
            "mode":"fill"
        }
    }
}