{"name":"Tutorial","description":"A basic guide on how to play a Modded Skyblock.","quests":[{"uuid":"5fdc3643-9c08-4253-9491-2fdad0580288","name":"Sievery Mastery","description":"Sieving different blocks result in different results. Even using different meshes will result in different items too!","x":128,"y":78,"icon":{"id":"minecraft:diamond"},"prerequisites":["2b28dadb-3e64-4ead-b82c-f04358f6d673"],"trigger":"ANTI_TRIGGER","tasks":[{"type":"DETECT","description":"String Mesh and Sand","longDescription":"Sieving Sand with a String Mesh can result in this exclusive item.","items":[{"item":{"id":"minecraft:dye","damage":3}}]},{"type":"DETECT","description":"Flint Mesh and Gravel","longDescription":"Sieving Gravel with a Flint Stiffened Mesh will result in these exclusive items.","items":[]},{"type":"DETECT","description":"Iron Mesh and Dust","longDescription":"Sieving Dust with an Iron Stiffened Mesh will result in these exclusive items.","items":[{"item":{"id":"minecraft:redstone"}},{"item":{"id":"minecraft:glowstone_dust"}},{"item":{"id":"minecraft:blaze_powder"}}]},{"type":"DETECT","description":"Iron Mesh and Gravel","longDescription":"Finally, sieving Gravel in an Iron Stiffened Mesh will result in some precious gems.","items":[{"item":{"id":"minecraft:emerald"}},{"item":{"id":"minecraft:diamond"}}]}],"reward":[{"id":"minecraft:diamond","amount":3},{"id":"minecraft:emerald","amount":2},{"id":"minecraft:redstone","amount":16}],"commandrewards":[]},{"uuid":"fd37470c-2568-48c1-b1fa-0f3d399c16f8","name":"Out to Dry","description":"Suntanning for sundries.","x":247,"y":18,"icon":{"id":"tconstruct:edible","damage":10},"prerequisites":["a1cfe0c7-0551-4562-9c65-272f633583da"],"trigger":"ANTI_TRIGGER","tasks":[{"type":"DETECT","description":"Cooking Outdoors","longDescription":"Dry out 10 Rotten Flesh and 10 Silkworms, using a Drying Rack.","items":[{"item":{"id":"tconstruct:edible","damage":10},"required":10},{"item":{"id":"exnihilocreatio:item_cooked_silkworm"},"required":10}]}],"reward":[{"id":"tconstruct:edible","damage":11,"amount":4}],"commandrewards":[]},{"uuid":"fd51109a-67a7-4b84-8b8d-2a84ebbf644f","name":"Hammered","description":"Yeah man.","x":247,"y":82,"icon":{"id":"exnihilocreatio:hammer_wood"},"prerequisites":["a1cfe0c7-0551-4562-9c65-272f633583da"],"trigger":"ANTI_TRIGGER","tasks":[{"type":"CRAFT","description":"Smash","longDescription":"Craft a Wooden Hammer.","items":[{"item":{"id":"exnihilocreatio:hammer_wood"}}]}],"reward":[{"id":"exnihilocreatio:hammer_stone","amount":2}],"commandrewards":[]},{"uuid":"b79de91d-d47e-4b63-adea-e897c81a751f","name":"Very Crooked","description":"Very concentrated evil!","x":297,"y":18,"icon":{"id":"excompressum:compressed_crook"},"prerequisites":["889b6388-e53a-4504-82e9-77f7632a5c93"],"trigger":"ANTI_TRIGGER","tasks":[{"type":"CRAFT","description":"Ne\u0027er-do-well","longDescription":"Craft a Compressed Crook.","items":[{"item":{"id":"excompressum:compressed_crook"}}]}],"reward":[{"id":"exnihilocreatio:crook_bone","amount":3},{"id":"exnihilocreatio:item_material","damage":2,"amount":4}],"commandrewards":[]},{"uuid":"11fbbf7b-38fb-4d7c-a5a8-f1ac7fd3eb86","name":"Clay Vessels","description":"Clay is the cornerstone to all new innovation in this world.","x":204,"y":46,"bigicon":true,"icon":{"id":"minecraft:clay_ball"},"prerequisites":["f311f58f-f330-4526-acbf-4e5fb965e7d1","6dfcaa2e-9c26-4e9f-93fc-719b8d26376a"],"trigger":"ANTI_TRIGGER","tasks":[{"type":"CRAFT","description":"Crucibuckets","longDescription":"Craft an Unfired Crucible and an Unfired Clay Bucket.","items":[{"item":{"id":"exnihilocreatio:block_crucible"}},{"item":{"id":"ceramics:unfired_clay"}}]}],"reward":[{"id":"ceramics:unfired_clay","amount":3}],"commandrewards":[]},{"uuid":"9fb39b99-aa51-4513-9d9f-9724ad183b1d","name":"Free Labor","description":"If a machine can do something, you shouldn\u0027t have to.","x":206,"y":154,"icon":{"id":"tp:cobblegen_block"},"prerequisites":["ca8ce3f6-ca4b-4dac-93e6-3e8f0c97dd14"],"tasks":[{"type":"CRAFT","description":"Generations","longDescription":"Craft a Cobblestone Generator. Put a Chest on it, and it\u0027ll automatically pump out all the Cobblestone you\u0027ll ever need.","items":[{"item":{"id":"tp:cobblegen_block"}}]}],"reward":[{"id":"minecraft:iron_ingot","amount":3}],"commandrewards":[]},{"uuid":"8e107578-0874-4e7d-92f7-b657f6bf5ec3","name":"Ore Collector","description":"Finally, it\u0027s time to get some metals.","x":127,"y":127,"icon":{"id":"exnihilocreatio:item_ore_iron","damage":1},"prerequisites":["6fe88a1c-5d8d-4e0a-952f-f4b499ad8edd"],"tasks":[{"type":"DETECT","description":"Iron Ore Pieces","longDescription":"Sieve Gravel through at least a Flint Stiffened Mesh to get ore pieces. You\u0027ll need 4 Ore Pieces for every Ingot you want to make.","items":[{"item":{"id":"exnihilocreatio:item_ore_iron"},"required":12},{"item":{"id":"exnihilocreatio:item_ore_tin"},"required":4},{"item":{"id":"exnihilocreatio:item_ore_copper"},"required":8}]},{"type":"CRAFT","description":"Another Level Up","longDescription":"Convert to Ore Chunks!","items":[{"item":{"id":"exnihilocreatio:item_ore_iron","damage":1},"required":4},{"item":{"id":"exnihilocreatio:item_ore_copper","damage":1},"required":3},{"item":{"id":"exnihilocreatio:item_ore_tin","damage":1},"required":2}]}],"reward":[{"id":"exnihilocreatio:item_ore_iron","amount":20},{"id":"exnihilocreatio:item_ore_gold","amount":8},{"id":"exnihilocreatio:item_ore_copper","amount":24}],"commandrewards":[]},{"uuid":"e3eefd51-dc8e-4f32-948c-492f85f7b706","name":"Quest Book Tutorial III","description":"The Crafting Task needs you to craft the specified amount of items while the quest is available.","x":41,"y":73,"icon":{"id":"minecraft:planks","damage":3},"prerequisites":["669dc7b0-c566-428a-aded-5deb31ccd7cc"],"trigger":"ANTI_TRIGGER","tasks":[{"type":"CRAFT","description":"Crafting Task","items":[{"item":{"id":"minecraft:planks"},"required":12}]}],"reward":[{"id":"minecraft:planks","amount":12}],"commandrewards":[]},{"uuid":"2c043ea7-2a05-4690-9284-8cda4fadaf2e","name":"Get Fired","description":"Things are starting to heat up in here.","x":192,"y":80,"icon":{"id":"ceramics:clay_bucket"},"prerequisites":["aed9ee53-66e4-4785-9106-dd372abc582d","11fbbf7b-38fb-4d7c-a5a8-f1ac7fd3eb86"],"trigger":"ANTI_TRIGGER","tasks":[{"type":"DETECT","description":"Cookery","longDescription":"Cook the unfired clay items in a Furnace; this will make them usable. Look out! The Clay Buckets will break after being used to transport hot liquids.","items":[{"item":{"id":"ceramics:clay_bucket"}},{"item":{"id":"exnihilocreatio:block_crucible","damage":1}}]}],"reward":[{"id":"exnihilocreatio:block_crucible","damage":1,"amount":2},{"id":"minecraft:netherrack","amount":3},{"id":"minecraft:fire_charge","amount":3}],"commandrewards":[]},{"uuid":"846f01eb-40bf-43ca-8255-7f319a40a037","name":"Ingot Melt","description":"And with that, you\u0027ll have metal.","x":108,"y":98,"bigicon":true,"icon":{"id":"minecraft:iron_ingot"},"prerequisites":["8e107578-0874-4e7d-92f7-b657f6bf5ec3"],"trigger":"ANTI_TRIGGER","tasks":[{"type":"DETECT","description":"Get Cooking","longDescription":"Smelt all your chunks to get some ingots.","items":[{"item":{"id":"minecraft:iron_ingot"},"required":3},{"item":{"id":"exnihilocreatio:item_ore_copper","damage":3},"required":2},{"item":{"id":"exnihilocreatio:item_ore_tin","damage":3}}]}],"reward":[{"id":"minecraft:iron_ingot","amount":10}],"commandrewards":[]},{"uuid":"7bd6fa17-f2ab-410f-828c-bb4a4c2a64b2","name":"Boiling Point","description":"Only one more step away from unlimited Cobblestone.","x":179,"y":100,"icon":{"id":"ceramics:clay_bucket","nbt":"{fluids:{FluidName:\"lava\",Amount:1000}}"},"prerequisites":["2c043ea7-2a05-4690-9284-8cda4fadaf2e"],"trigger":"ANTI_TRIGGER","tasks":[{"type":"DETECT","description":"Stewing in Heat","longDescription":"When set up correctly, fill the Crucible with 4 Cobblestone. When finished, you can remove it with a bucket.","items":[{"item":{"id":"ceramics:clay_bucket","nbt":"{fluids:{FluidName:\"lava\",Amount:1000}}"}}]}],"reward":[{"id":"thermalexpansion:tank","nbt":"{RSControl:0b,Creative:0b,Fluid:{FluidName:\"lava\",Amount:4000},Level:0b}"}],"commandrewards":[]},{"uuid":"422113bf-57dd-4060-aa49-688f6775e739","name":"Heavy Elements","description":"The Heavy Sieve allows you to sift Compressed blocks, like Compressed Dirt.","x":298,"y":137,"icon":{"id":"excompressum:heavy_sieve"},"prerequisites":["24ceb039-a43b-4bd5-848d-ec92fc602162"],"trigger":"ANTI_TRIGGER","tasks":[{"type":"DETECT","description":"Sifted to the Max","longDescription":"Craft a Heavy Sieve.","items":[{"item":{"id":"excompressum:heavy_sieve"}}]}],"reward":[{"id":"excompressum:compressed_block","damage":4,"amount":5}],"commandrewards":[]},{"uuid":"cf8e4ddb-5a0d-4878-9fb2-d68ebdd6b003","name":"Going Nuclear","description":"With this, the finest-grain sieve and the finest-grain block, you can get Yellorium.","x":121,"y":27,"bigicon":true,"icon":{"id":"exnihilocreatio:item_ore_yellorium","damage":1},"prerequisites":["d80b2696-62f1-4428-addd-e53563db3194"],"tasks":[{"type":"DETECT","description":"Like Uranium","longDescription":"Sieve Dust in a Diamond Stiffened Mesh to get Yellorium Ore Pieces.","items":[{"item":{"id":"exnihilocreatio:item_ore_yellorium"},"required":20}]},{"type":"CRAFT","description":"High Radiation","longDescription":"Craft them into Yellorium Ore Chunks.","items":[{"item":{"id":"exnihilocreatio:item_ore_yellorium","damage":1},"required":5}]},{"type":"DETECT","description":"One Rod","longDescription":"Finally, cook these to get Yellorium Ingots.","items":[{"item":{"id":"bigreactors:ingotmetals"},"required":5}]}],"reward":[{"id":"bigreactors:brore","amount":5}],"commandrewards":[]},{"uuid":"bf1e50f8-6761-4d14-bad6-964caf74706a","name":"Very Hammered","description":"Oh my.","x":273,"y":78,"icon":{"id":"excompressum:compressed_hammer_wood"},"prerequisites":["fd51109a-67a7-4b84-8b8d-2a84ebbf644f"],"tasks":[{"type":"DETECT","description":"Smash Times Nine","longDescription":"A Compressed Hammer allows you to break down a Compressed Block and get the nine blocks you would get if you broke the contents of the compressed block normally.","items":[{"item":{"id":"excompressum:compressed_hammer_wood"}}]}],"reward":[{"id":"excompressum:compressed_hammer_stone","amount":2}],"commandrewards":[]},{"uuid":"2b28dadb-3e64-4ead-b82c-f04358f6d673","name":"Stiffer Than Ever","description":"Creating an Iron Stiffened Mesh will allow you to get even finer materials from Dust.","x":140,"y":101,"icon":{"id":"exnihilocreatio:item_mesh","damage":3},"prerequisites":["846f01eb-40bf-43ca-8255-7f319a40a037"],"trigger":"ANTI_TRIGGER","tasks":[{"type":"CRAFT","description":"Iron Sieve","longDescription":"Craft an Iron Stiffened Sieve.","items":[{"item":{"id":"exnihilocreatio:item_mesh","damage":3}}]}],"reward":[{"id":"exnihilocreatio:item_mesh","damage":3,"amount":3}],"commandrewards":[]},{"uuid":"24ceb039-a43b-4bd5-848d-ec92fc602162","name":"Sieving Away","description":"Get used to this fun activity!","x":285,"y":115,"icon":{"id":"exnihilocreatio:block_sieve"},"prerequisites":["085218ea-8001-442e-9cf8-4980be5f40e8"],"trigger":"ANTI_TRIGGER","tasks":[{"type":"CRAFT","description":"Meshing","longDescription":"Create a String Mesh and a Sieve.","items":[{"item":{"id":"exnihilocreatio:item_mesh","damage":1}},{"item":{"id":"exnihilocreatio:block_sieve"}}]},{"type":"CRAFT","description":"The Smaller Pieces","longDescription":"Use the Sieve to break down Dirt into Pebbles. Four Pebbles will get you one Cobblestone.","items":[{"item":{"id":"minecraft:cobblestone"}}]}],"reward":[{"id":"minecraft:cobblestone","amount":3}],"commandrewards":[]},{"uuid":"167c108e-88dd-420d-ae19-6e08c77197b8","name":"Vitrification","description":"This part of the sky has no weather patterns, so we\u0027re going to have to fill your barrels a way other than with rainwater.","x":231,"y":101,"icon":{"id":"minecraft:glass"},"prerequisites":["55754cda-c7e0-4e6c-9389-583f787dd78a"],"trigger":"ANTI_TRIGGER","tasks":[{"type":"DETECT","description":"Glass Act","longDescription":"Place Sand on a Drying Rack. After 45 seconds, it\u0027ll turn to Glass.","items":[{"item":{"id":"minecraft:glass"}}]},{"type":"DETECT","description":"Bottled Up","longDescription":"Use the Glass to get some Bottles. Fill up the Bottles in the lake on the island. Then, you can right click on a Barrel to fill it with Water.","items":[{"item":{"id":"minecraft:potion","nbt":"{Potion:\"minecraft:water\"}"}}]}],"reward":[{"id":"minecraft:glass_bottle","amount":5}],"commandrewards":[]},{"uuid":"ca8ce3f6-ca4b-4dac-93e6-3e8f0c97dd14","name":"Cobbled Up","description":"Now it\u0027s simple: Create a Cobblestone Generator using any shape or method you want, and bask in the glory of an infinite supply of Cobblestone.","x":187,"y":124,"bigicon":true,"icon":{"id":"minecraft:cobblestone"},"prerequisites":["7bd6fa17-f2ab-410f-828c-bb4a4c2a64b2"],"trigger":"ANTI_TRIGGER","tasks":[{"type":"CONSUME","description":"Cobblestone","longDescription":"Feed the void!","items":[{"item":{"id":"minecraft:cobblestone"},"required":128}]}],"reward":[{"id":"tconstruct:pickaxe","nbt":"{StatsOriginal:{AttackSpeedMultiplier:1.0f,MiningSpeed:4.24f,FreeModifiers:3,Durability:1972,HarvestLevel:0,Attack:1.8f},Stats:{AttackSpeedMultiplier:1.0f,MiningSpeed:4.2469997f,FreeModifiers:3,Durability:1974,HarvestLevel:0,Attack:1.805f},Special:{Categories:[\"harvest\",\"tool\"],alienStatBonus:{identifier:\"\",color:0,attack:0.005f,durability:2,speed:0.007f},alienStatPool:{identifier:\"\",color:16777215,attack:1.1949991f,durability:283,speed:1.945998f}},TinkerData:{Materials:[\"gaia\",\"slime\",\"hardenedstone\"],Modifiers:[]},Modifiers:[{identifier:\"alien\",color:-7252043,level:1},{identifier:\"payback\",color:-7252043,level:1},{identifier:\"slimey_green\",color:-8206221,level:1},{identifier:\"petramor\",color:-10921639,level:1}],Traits:[\"alien\",\"payback\",\"slimey_green\",\"petramor\"]}"}],"commandrewards":[]},{"uuid":"f311f58f-f330-4526-acbf-4e5fb965e7d1","name":"Skeleton Hunter","description":"To get Porcelain Clay, you\u0027ll need Bone Meal.","x":220,"y":79,"icon":{"id":"minecraft:bone"},"prerequisites":["167c108e-88dd-420d-ae19-6e08c77197b8"],"tasks":[{"type":"KILL","description":"Skeleton Killing","longDescription":"Create some kind of dark room that allows you to kill Skeletons. You\u0027ll need 7 Bone Meal to get a Crucible.","mobs":[{"name":"Skeleton","icon":{"id":"minecraft:bone"},"mob":"Skeleton","kills":5,"exact":false}]}],"reward":[{"id":"minecraft:bone","amount":3}],"commandrewards":[]},{"uuid":"65e1b0a7-170c-4e03-ba2a-a1e540775b67","name":"Quest Book Tutorial I","description":"This series of quests will provide you with a basic tutorial on how to operate the Quest Book. The first is a Detection Task. You simply have to have the item in your inventory for the quest to complete.","x":40,"y":24,"bigicon":true,"icon":{"id":"minecraft:planks","damage":2},"tasks":[{"type":"DETECT","description":"Detection Task","items":[{"item":{"id":"minecraft:log"}}]}],"reward":[{"id":"minecraft:planks","amount":4}],"commandrewards":[]},{"uuid":"aed9ee53-66e4-4785-9106-dd372abc582d","name":"Heating Up","description":"You\u0027ll find further progression impossible without a Furnace; The Sun can\u0027t cook all materials to the required temperatures.","x":205,"y":101,"icon":{"id":"minecraft:furnace"},"prerequisites":["167c108e-88dd-420d-ae19-6e08c77197b8"],"tasks":[{"type":"CRAFT","description":"Burn House","longDescription":"Craft a Furnace.","items":[{"item":{"id":"minecraft:furnace"}}]},{"type":"DETECT","description":"Combustables","longDescription":"Charcoal is a good, cheap way to get fuel for your Furnaces fast.","items":[{"item":{"id":"minecraft:coal","damage":1},"required":10}]}],"reward":[{"id":"minecraft:furnace"},{"id":"minecraft:coal","damage":1,"amount":10}],"commandrewards":[]},{"uuid":"a1cfe0c7-0551-4562-9c65-272f633583da","name":"From Nothing","description":"Good morning! Time to start your adventure!","x":263,"y":45,"bigicon":true,"icon":{"id":"minecraft:leaves"},"tasks":[{"type":"CRAFT","description":"Time to Craft","longDescription":"I\u0027d chop down this tree now. Save you time and space. If I may, I\u0027ll also advise you use slabs to build, as monsters cannot spawn and it uses half as much wood.","items":[{"item":{"id":"minecraft:planks"},"required":48}]}],"reward":[{"id":"minecraft:sapling","damage":1},{"id":"minecraft:sapling","damage":2},{"id":"minecraft:sapling","damage":3}],"commandrewards":[]},{"uuid":"55754cda-c7e0-4e6c-9389-583f787dd78a","name":"Smashing","description":"YEAH, MAN!","x":243,"y":121,"bigicon":true,"icon":{"id":"exnihilocreatio:block_dust"},"prerequisites":["fd51109a-67a7-4b84-8b8d-2a84ebbf644f","24ceb039-a43b-4bd5-848d-ec92fc602162"],"tasks":[{"type":"DETECT","description":"Finer Grain","longDescription":"Break Cobblestone with a Hammer, and you get Gravel. Repeat, and you will get Sand. Repeat once more, and you\u0027ll get Dust.","items":[{"item":{"id":"exnihilocreatio:block_dust"},"required":3}]}],"reward":[{"id":"minecraft:gravel","amount":6},{"id":"exnihilocreatio:block_dust","amount":6},{"id":"minecraft:sand","amount":6}],"commandrewards":[]},{"uuid":"669dc7b0-c566-428a-aded-5deb31ccd7cc","name":"Quest Book Tutorial II","description":"The next is a Consume Task. You must submit the specified amount of items, either through the Quest Book, or through the QDS.","x":28,"y":53,"icon":{"id":"minecraft:planks"},"prerequisites":["65e1b0a7-170c-4e03-ba2a-a1e540775b67"],"trigger":"ANTI_TRIGGER","tasks":[{"type":"CONSUME","description":"Consume Task","items":[{"item":{"id":"minecraft:planks"}}]}],"reward":[{"id":"hardcorequesting:item_barrel"},{"id":"minecraft:hopper"}],"commandrewards":[]},{"uuid":"1b1406ef-73fe-405e-a097-4aa45126988a","name":"Casting","description":"Casting is the process of filling a mold with a metal and letting it harden into that shape. This will be our way of extracting material from the Smeltery.","x":82,"y":48,"icon":{"id":"tconstruct:cast"},"prerequisites":["765e271d-5089-4fe3-af13-661699fce784"],"tasks":[{"type":"DETECT","description":"Ingot Cast","longDescription":"You can get a cast by putting an item in a Casting Table that is the inverse shape of the cast you want to make (In this example, most Ingot-shaped items), and then pour molten Aluminum Brass or molten Gold on it.","items":[{"item":{"id":"tconstruct:cast_custom"}}]}],"reward":[{"id":"tconstruct:faucet","amount":3},{"id":"tconstruct:casting","amount":3},{"id":"tconstruct:smeltery_io","amount":3}],"commandrewards":[]},{"uuid":"889b6388-e53a-4504-82e9-77f7632a5c93","name":"Crooked","description":"What\u0027re you lookin\u0027 at?","x":297,"y":49,"icon":{"id":"exnihilocreatio:crook_wood"},"prerequisites":["a1cfe0c7-0551-4562-9c65-272f633583da"],"trigger":"ANTI_TRIGGER","tasks":[{"type":"CRAFT","description":"No-gooder","longDescription":"Craft a Crook.","items":[{"item":{"id":"exnihilocreatio:crook_wood"}}]}],"reward":[{"id":"exnihilocreatio:crook_wood","amount":2}],"commandrewards":[]},{"uuid":"6fe88a1c-5d8d-4e0a-952f-f4b499ad8edd","name":"Bettered Mesh","description":"Your current mesh is simply not powerful enough to get more valuable resources out of blocks. Time to change that.","x":153,"y":124,"bigicon":true,"icon":{"id":"minecraft:flint"},"prerequisites":["ca8ce3f6-ca4b-4dac-93e6-3e8f0c97dd14"],"trigger":"ANTI_TRIGGER","tasks":[{"type":"CRAFT","description":"Flint","longDescription":"Craft 3 Gravel together to make a piece of Flint. Make 6 of them.","items":[{"item":{"id":"minecraft:flint"}}]},{"type":"CRAFT","description":"Flint Stiffened Mesh","longDescription":"Craft 6 Flint with a String Mesh to make a Flint Stiffened Mesh.","items":[{"item":{"id":"exnihilocreatio:item_mesh","damage":2}}]}],"reward":[{"id":"exnihilocreatio:block_sieve","amount":3},{"id":"exnihilocreatio:item_mesh","damage":2,"amount":3}],"commandrewards":[]},{"uuid":"2a23db2e-8271-43d8-8693-5bc6e50c9b28","name":"Very Smashing","description":"Delicious!","x":261,"y":101,"icon":{"id":"extrautils2:compressedgravel"},"prerequisites":["bf1e50f8-6761-4d14-bad6-964caf74706a","55754cda-c7e0-4e6c-9389-583f787dd78a"],"tasks":[{"type":"DETECT","description":"Finer and Finer","longDescription":"Break a compressed block and watch as the contents spill out.","items":[{"item":{"id":"extrautils2:compressedgravel"},"required":6}]}],"reward":[{"id":"extrautils2:compressedcobblestone","damage":1}],"commandrewards":[]},{"uuid":"07733310-65fd-408b-ada5-e4d1cc67c0b0","name":"Quest Book Tutorial IV","description":"This type is a QDS Task. You must click \"Select Task\" and right click the Quest Delivery System to bind this quest to that QDS. Then, you can pipe in either items or fluids and they will go towards the completion of the quest. You can do this with regular Consume Tasks, too.","x":23,"y":93,"bigicon":true,"icon":{"id":"minecraft:planks","damage":1},"prerequisites":["e3eefd51-dc8e-4f32-948c-492f85f7b706"],"trigger":"ANTI_TRIGGER","tasks":[{"type":"CONSUME_QDS","description":"QDS Task","items":[{"item":{"id":"minecraft:planks"}}]}],"reward":[{"id":"tconstruct:hatchet","nbt":"{StatsOriginal:{AttackSpeedMultiplier:1.0f,MiningSpeed:5.5f,FreeModifiers:3,Durability:2180,HarvestLevel:1,Attack:6.5f},display:{Name:\"Tutor\u0027s Hatchet\"},Stats:{AttackSpeedMultiplier:1.0f,MiningSpeed:5.507f,FreeModifiers:3,Durability:2180,HarvestLevel:1,Attack:6.5f},Special:{Categories:[\"weapon\",\"harvest\",\"tool\"],alienStatBonus:{identifier:\"\",color:0,attack:0.0f,durability:0,speed:0.007f},alienStatPool:{identifier:\"\",color:16777215,attack:1.264999f,durability:282,speed:1.8549984f}},TinkerData:{Materials:[\"lonsdaleite\",\"prismarine\",\"gaia\"],Modifiers:[]},Modifiers:[{identifier:\"jagged\",color:-8462660,level:1},{identifier:\"alien\",color:-7252043,level:1},{identifier:\"payback\",color:-7252043,level:1}],Traits:[\"jagged\",\"alien\",\"payback\"]}"},{"id":"minecraft:log","amount":64}],"commandrewards":[]},{"uuid":"d80b2696-62f1-4428-addd-e53563db3194","name":"Ultimate Mesh","description":"You can now make the ultimate mesh. The Diamond Stiffened Mesh. This will vastly increase the drop rates of any siftable items.","x":140,"y":57,"icon":{"id":"exnihilocreatio:item_mesh","damage":4},"prerequisites":["5fdc3643-9c08-4253-9491-2fdad0580288"],"trigger":"ANTI_TRIGGER","tasks":[{"type":"CRAFT","description":"Finest Grain","longDescription":"Craft a Diamond Stiffened Mesh.","items":[{"item":{"id":"exnihilocreatio:item_mesh","damage":4}}]}],"reward":[{"id":"exnihilocreatio:item_mesh","damage":4,"amount":2},{"id":"exnihilocreatio:block_dust","amount":64}],"commandrewards":[]},{"uuid":"dc59267c-ed1d-4cb3-b538-266dd009295f","name":"Constructing","description":"These vanilla tools seem pretty weak... And you can barely customize them! Time to change that!","x":272,"y":18,"icon":{"id":"tconstruct:binding","nbt":"{Material:\"wood\"}"},"prerequisites":["a1cfe0c7-0551-4562-9c65-272f633583da"],"trigger":"ANTI_TRIGGER","tasks":[{"type":"DETECT","description":"Detecting the Pattern","longDescription":"Using your new tables, create Patterns for some of the basic tools.","items":[{"item":{"id":"tconstruct:pattern","nbt":"{PartType:\"tconstruct:tool_rod\"}"}},{"item":{"id":"tconstruct:pattern","nbt":"{PartType:\"tconstruct:binding\"}"}},{"item":{"id":"tconstruct:pattern","nbt":"{PartType:\"tconstruct:sword_blade\"}"}},{"item":{"id":"tconstruct:pattern","nbt":"{PartType:\"tconstruct:wide_guard\"}"}},{"item":{"id":"tconstruct:pattern","nbt":"{PartType:\"tconstruct:pick_head\"}"}},{"item":{"id":"tconstruct:pattern","nbt":"{PartType:\"tconstruct:shovel_head\"}"}},{"item":{"id":"tconstruct:pattern","nbt":"{PartType:\"tconstruct:axe_head\"}"}}]},{"type":"DETECT","description":"Part of the Solution","longDescription":"Finally, it\u0027s time to use these patterns and make some tool parts!","items":[{"item":{"id":"tconstruct:tool_rod","nbt":"{Material:\"wood\"}"},"required":4},{"item":{"id":"tconstruct:binding","nbt":"{Material:\"wood\"}"},"required":3},{"item":{"id":"tconstruct:axe_head","nbt":"{Material:\"wood\"}"}},{"item":{"id":"tconstruct:pick_head","nbt":"{Material:\"wood\"}"}}]}],"reward":[{"id":"tconstruct:tool_rod","amount":4,"nbt":"{Material:\"refinedobsidian\"}"}],"commandrewards":[]},{"uuid":"765e271d-5089-4fe3-af13-661699fce784","name":"Getting Hot in Here","description":"The next step will be to build a processor capable of handling large amounts of ore. A Smeltery will do this job nicely.","x":92,"y":69,"bigicon":true,"icon":{"id":"tconstruct:soil"},"prerequisites":["846f01eb-40bf-43ca-8255-7f319a40a037"],"trigger":"ANTI_TRIGGER","tasks":[{"type":"CRAFT","description":"Sludge Mix","longDescription":"Craft a lot of Grout.","items":[{"item":{"id":"tconstruct:soil"},"required":108}]},{"type":"DETECT","description":"Getting Hot","longDescription":"Cook it all into Seared Bricks.","items":[{"item":{"id":"tconstruct:materials"},"required":108}]},{"type":"CRAFT","description":"Breaking Point","longDescription":"Put together a Smeltery. You can use a Materials and You book to learn how if you do not know.","items":[{"item":{"id":"tconstruct:casting","damage":1}},{"item":{"id":"tconstruct:casting"}},{"item":{"id":"tconstruct:smeltery_io"},"required":2},{"item":{"id":"tconstruct:seared_tank"}},{"item":{"id":"tconstruct:smeltery_controller"}},{"item":{"id":"tconstruct:faucet"},"required":2},{"item":{"id":"tconstruct:seared","damage":3},"required":17}]}],"reward":[{"id":"minecraft:iron_ingot","amount":30},{"id":"tconstruct:ingots","damage":5,"amount":10},{"id":"tconstruct:seared","damage":3,"amount":24}],"commandrewards":[]},{"uuid":"085218ea-8001-442e-9cf8-4980be5f40e8","name":"Infestation","description":"See all those good-for-nothing Leaves? Time we make something out of them.","x":298,"y":78,"icon":{"id":"exnihilocreatio:block_infested_leaves"},"prerequisites":["889b6388-e53a-4504-82e9-77f7632a5c93"],"tasks":[{"type":"DETECT","description":"Silky Smooth","longDescription":"Break Leaves with Crooks until a Silkworm drops.","items":[{"item":{"id":"exnihilocreatio:item_material","damage":2}}]},{"type":"DETECT","description":"Eaten Away","longDescription":"Right click on any Leaves block and let time take its course as the Silkworm eats away the whole tree you planted it on. Then, when Leaves are fully converted, break with your Crook to get String.","items":[{"item":{"id":"minecraft:string"},"required":32}]}],"reward":[{"id":"exnihilocreatio:item_material","damage":2,"amount":8},{"id":"minecraft:wool","amount":10}],"commandrewards":[]},{"uuid":"6875265a-2f2e-4132-a711-8f16571199cb","name":"Basic Alloying","description":"Metal mixing is exciting!","x":81,"y":98,"icon":{"id":"tconstruct:ingots","damage":5},"prerequisites":["765e271d-5089-4fe3-af13-661699fce784"],"tasks":[{"type":"DETECT","description":"Aluminum Brass","longDescription":"3 Ingots Aluminum + 1 Ingot Copper \u003d 4 Ingots Aluminum Brass. View the Casting quest to see how to remove ingots from Smeltery.","items":[{"item":{"id":"tconstruct:ingots","damage":5},"required":4}]},{"type":"DETECT","description":"Electrum","longDescription":"1 Ingot Silver + 1 Ingot Gold \u003d 2 Ingots Electrum.","items":[{"item":{"id":"thermalfoundation:material","damage":161},"required":2}]},{"type":"DETECT","description":"Invar","longDescription":"2 Ingots Iron + 1 Ingot Nickel \u003d 3 Ingots Invar.","items":[{"item":{"id":"thermalfoundation:material","damage":162},"required":3}]},{"type":"DETECT","description":"Bronze","longDescription":"3 Ingots Copper + 1 Ingot Tin \u003d 4 Ingots Bronze.","items":[{"item":{"id":"thermalfoundation:material","damage":163},"required":4}]}],"reward":[{"id":"thermalfoundation:material","damage":162,"amount":6},{"id":"thermalfoundation:material","damage":161,"amount":3},{"id":"thermalfoundation:material","damage":163,"amount":8}],"commandrewards":[]},{"uuid":"6dfcaa2e-9c26-4e9f-93fc-719b8d26376a","name":"Donkey Kong","description":"Get it?","x":238,"y":48,"icon":{"id":"exnihilocreatio:block_barrel0"},"prerequisites":["a1cfe0c7-0551-4562-9c65-272f633583da"],"trigger":"ANTI_TRIGGER","tasks":[{"type":"CRAFT","description":"Barrel","longDescription":"Craft a Wooden Barrel.","items":[{"item":{"id":"exnihilocreatio:block_barrel0"}}]},{"type":"DETECT","description":"Mulch","longDescription":"You can use Barrels to compost plant matter into Dirt, or to fill blocks like Dust with Water, turning them into Clay. Try it with 8 Saplings!","items":[{"item":{"id":"minecraft:dirt"}}]}],"reward":[{"id":"excompressum:compressed_block","damage":4,"amount":2}],"commandrewards":[]}],"reputationBar":[]}